Question_number,Questions
4.1,"To calculate the moment of inertia of a solid sphere about an axis through its center, you can use the following LaTeX code to represent the formula:

```latex
\documentclass{article}
\usepackage{amsmath}

\begin{document}

The moment of inertia \( I \) of a solid sphere about an axis through its center is given by the formula:

\[
I = \frac{2}{5} m r^2
\]

where:
\begin{align*}
m & : \text{mass of the sphere} \\
r & : \text{radius of the sphere}
\end{align*}

\end{document}
```

This LaTeX code will produce a properly formatted document with the equation for the moment of inertia of a solid sphere, along with a description of the variables involved."
4.2,"To properly format the given physics text into LaTeX, we can use the following code:

```latex
\documentclass{article}
\usepackage{amsmath}

\begin{document}

Two particles of masses $m_1$ and $m_2$ are connected by a rigid massless rod of length $r$ to constitute a dumbbell which is free to move in a plane. Show that the moment of inertia of the dumbbell about an axis perpendicular to the plane passing through the centre of mass is $\mu r^2$ where $\mu$ is the reduced mass.

\end{document}
```

This LaTeX code ensures that the mathematical symbols and expressions are correctly formatted, with proper use of subscripts and superscripts."
4.3,"To show that the moment of inertia of a right circular cone about its axis is \(\frac{3}{10} Ma^2\), you can use the following LaTeX code to format the problem statement:

```latex
\documentclass{article}
\usepackage{amsmath}

\begin{document}

Show that the moment of inertia of a right circular cone of mass \(M\), height \(h\), and base radius \(a\) about its axis is \(\frac{3}{10} Ma^2\).

\end{document}
```

This LaTeX code will correctly format the physics problem statement, ensuring that all variables and expressions are properly displayed."
4.4,"To format the given physics text into LaTeX, we need to clearly present the problem statement and the relevant parameters. Here is the LaTeX code for the given text:

```latex
\documentclass{article}
\usepackage{amsmath}

\begin{document}

\section*{Problem Statement}

Calculate the moment of inertia of a right circular cylinder of radius $R$ and length $h$ about a line at right angles to its axis and passing through the middle point.

\end{document}
```

This LaTeX code sets up a simple document with a section for the problem statement, ensuring that the mathematical symbols for radius \( R \) and length \( h \) are properly formatted."
4.5,"To properly format the given physics text into LaTeX, we need to ensure that the mathematical expressions are correctly represented. Here's the LaTeX code for the problem statement:

```latex
\documentclass{article}
\usepackage{amsmath}

\begin{document}

Show that the radius of gyration about an axis through the centre of a hollow cylinder of external radius \( a \) and internal radius \( b \) is given by

\[
k = \sqrt{\frac{2}{5} \left( \frac{a^5 - b^5}{a^3 - b^3} \right)}
\]

\end{document}
```

This code sets up a basic LaTeX document, includes the `amsmath` package for enhanced mathematical formatting, and then presents the problem statement and the formula for the radius of gyration in a clear and structured manner."
4.6,"To format the given physics problem in LaTeX, we need to clearly present the problem statement and the different parts of the question. Here's how you can format it:

```latex
\documentclass{article}
\usepackage{amsmath}

\begin{document}

\section*{Problem Statement}

Calculate the moment of inertia of a thin rod:

\begin{enumerate}
    \item[(a)] About an axis passing through its centre and perpendicular to its length.
    \item[(b)] About an end perpendicular to the rod.
\end{enumerate}

\end{document}
```

This LaTeX code sets up a document with a problem statement section, and it clearly lists the two parts of the problem using an enumerated list. Each part is labeled with `(a)` and `(b)` as specified in the original text."
4.7,"To properly format the given physics text into LaTeX, we need to structure the equation and text clearly. Here's the LaTeX code:

```latex
\documentclass{article}
\usepackage{amsmath}

\begin{document}

Show that the moment of inertia of a rectangular plate of mass $m$ and sides $2a$ and $2b$ about the diagonal is 

\[
I = \frac{2}{3} m \frac{a^2 b^2}{a^2 + b^2}
\]

\end{document}
```

This LaTeX code includes the necessary packages and formats the equation using the `align` environment for clarity. The equation is displayed in a block format, which is typical for such derivations in physics."
4.8,"To properly format the given physics text into LaTeX, we need to ensure that the mathematical expressions and the description are clearly presented. Here is the LaTeX code for the given text:

```latex
\documentclass{article}
\usepackage{amsmath}
\usepackage{graphicx}

\begin{document}

The lengths of the sides of a right-angled triangular lamina are 3 cm, 4 cm, and 5 cm. The moments of inertia of the lamina about the sides are denoted as $I_1$, $I_2$, and $I_3$, respectively (see Fig. 4.1). Show that $I_1 > I_2 > I_3$.

\begin{figure}[h]
    \centering
    \includegraphics[width=0.4\textwidth]{figure4_1.png} % Replace with actual image file
    \caption{Figure 4.1: Right-angled triangular lamina}
    \label{fig:triangle}
\end{figure}

\end{document}
```

This LaTeX code includes:

- Proper mathematical formatting for the moments of inertia using `$` for inline math.
- A figure environment for including a reference to Fig. 4.1, with a placeholder for the image file.
- A clear structure that separates the text description from the figure."
4.9,"To convert the given physics text into properly formatted LaTeX, we need to clearly define the problem statement and use appropriate LaTeX commands for mathematical symbols and formatting. Here's how you can write it:

```latex
\documentclass{article}
\usepackage{amsmath}

\begin{document}

A circular disc of radius $R$ and thickness $R/6$ has moment of inertia $I$ about the axis perpendicular to the plane and passing through its centre. The disc is melted and recasted into a solid sphere. Show that the moment of inertia of the sphere about its diameter is $\frac{I}{5}$.

\end{document}
```

This LaTeX code uses the `amsmath` package for improved mathematical formatting. The text is structured to clearly present the problem statement, with mathematical symbols properly formatted using dollar signs for inline math mode."
4.10,"To calculate the moment of inertia of a hollow sphere of mass \( M \) and radius \( R \) about its diameter, you can use the following LaTeX code to format the equation:

```latex
\documentclass{article}
\usepackage{amsmath}

\begin{document}

The moment of inertia \( I \) of a hollow sphere about its diameter is given by the formula:

\[
I = \frac{2}{3} M R^2
\]

where:
\begin{itemize}
    \item \( M \) is the mass of the hollow sphere,
    \item \( R \) is the radius of the hollow sphere.
\end{itemize}

\end{document}
```

This code snippet will properly format the physics text into LaTeX, displaying the formula for the moment of inertia of a hollow sphere about its diameter."
4.11,"To format the given physics text into LaTeX, we need to present the formula for the moment of inertia of a uniform sphere and then describe the task of deducing the moment of inertia for a thin hollow sphere. Here's how you can format it:

```latex
\documentclass{article}
\usepackage{amsmath}

\begin{document}

Use the formula for the moment of inertia of a uniform sphere about its diameter:
\begin{equation}
    I = \frac{2}{5}MR^2
\end{equation}
to deduce the moment of inertia of a thin hollow sphere about the axis passing through the centre.

\end{document}
```

This LaTeX code snippet includes the formula for the moment of inertia of a uniform sphere and sets up the context for deducing the moment of inertia of a thin hollow sphere."
4.12,"To format the given physics problem in LaTeX, we need to structure it properly and use the appropriate LaTeX commands for mathematical expressions and formatting. Here is how you can present the problem:

```latex
\documentclass{article}
\usepackage{amsmath}

\begin{document}

A solid cylinder of mass $m$ and radius $R$ rolls down an inclined plane of height $h$ without slipping. Find the speed of its centre of mass when the cylinder reaches the bottom.

\end{document}
```

This LaTeX code sets up a basic document with the problem statement. The mass $m$, radius $R$, and height $h$ are properly formatted as mathematical variables."
4.13,"```latex
\documentclass{article}
\usepackage{amsmath}

\begin{document}

As the star has an initial radius of $6 \times 10^8 \, \text{m}$ and a period of rotation about its axis of 30 days. Eventually, it evolves into a neutron star with a radius of only $10^4 \, \text{m}$ and a period of $0.1 \, \text{s}$. Assuming that the mass has not changed, find the ratio of initial and final (a) angular momentum and (b) kinetic energy.

\begin{enumerate}
    \item \textbf{Angular Momentum:}
    \begin{equation}
        L = I \omega
    \end{equation}
    where $I$ is the moment of inertia and $\omega$ is the angular velocity. For a spherical object, $I = \frac{2}{5} m r^2$ and $\omega = \frac{2\pi}{T}$, where $T$ is the period of rotation.

    \item \textbf{Kinetic Energy:}
    \begin{equation}
        KE = \frac{1}{2} I \omega^2
    \end{equation}
\end{enumerate}

\end{document}
```

This LaTeX document sets up the problem statement and equations needed to find the ratios of angular momentum and kinetic energy for the star's initial and final states."
4.14,"```latex
\documentclass{article}
\usepackage{amsmath}
\usepackage{amssymb}
\usepackage{physics}
\usepackage{siunitx}

\begin{document}

A uniform solid ball rolls down a slope. If the ball has a diameter of $0.5\,\mathrm{m}$ and a mass of $0.1\,\mathrm{kg}$, find the following:

\begin{enumerate}
    \item[(a)] The equation which describes the velocity of the ball at any time, given that it starts from rest. Clearly state any assumptions you make.

    \item[(b)] If the slope has an incline of $30^\circ$ to the horizontal, what is the speed of the ball after it travels $3\,\mathrm{m}$?

    \item[(c)] At this point, what is the angular momentum of the ball?

    \item[(d)] If the coefficient of friction between the ball and the slope is $0.26$, what is the maximum angle of inclination the slope could have which still allows the ball to roll?
\end{enumerate}

\textbf{Assumptions:}
\begin{itemize}
    \item The ball rolls without slipping.
    \item The only forces acting on the ball are gravity, normal force, and friction.
\end{itemize}

\textbf{Solution Outline:}

\begin{enumerate}
    \item[(a)] To find the velocity of the ball at any time $t$, we use the equations of motion for rolling without slipping. The translational velocity $v(t)$ and the angular velocity $\omega(t)$ are related by $v(t) = R \omega(t)$, where $R$ is the radius of the ball. The acceleration $a$ can be found using Newton's second law and the rotational dynamics equation.

    \item[(b)] Using the kinematic equations and the known incline angle, calculate the speed of the ball after it travels $3\,\mathrm{m}$.

    \item[(c)] The angular momentum $L$ of the ball can be calculated using $L = I \omega$, where $I$ is the moment of inertia of the ball.

    \item[(d)] To find the maximum angle of inclination, use the condition for rolling without slipping, which involves the static frictional force and the gravitational component along the slope.
\end{enumerate}

\end{document}
```

This LaTeX code provides a structured format for the problem statement and outlines the solution approach without solving it. Adjustments can be made based on specific requirements or additional details."
4.15,"Here is the LaTeX code for the given physics text:

```latex
\documentclass{article}
\usepackage{amsmath}

\begin{document}

\textbf{(a)} Show that the least coefficient of friction for an inclined plane of angle $\theta$ in order that a solid cylinder will roll down without slipping is $\frac{1}{3} \tan \theta$.

\textbf{(b)} Show that for a hoop the least coefficient of friction is $\frac{2}{3} \tan \theta$.

\end{document}
```

This code will format the text with proper mathematical notation and structure for the given physics problem."
4.16,"```latex
\documentclass{article}
\usepackage{amsmath}
\usepackage{graphicx}

\begin{document}

\title{Physics Problem: Tension in a Thread}
\author{Osmania University}
\date{}

\maketitle

\section*{Problem Statement}

A small mass $m$ tied to a non-stretchable thread moves over a smooth horizontal plane. The other end of the thread is drawn through a hole with constant velocity, as shown in Fig. 4.2. Show that the tension in the thread is inversely proportional to the cube of the distance from the hole.

\begin{figure}[h]
    \centering
    \includegraphics[width=0.5\textwidth]{figure_4_2.png} % Replace with the actual path to the figure
    \caption{Illustration of the mass $m$ moving on a horizontal plane with the thread passing through a hole.}
    \label{fig:4.2}
\end{figure}

\end{document}
```

Note: Replace `figure_4_2.png` with the actual path to your figure file. This code sets up a document with a title, author, and a problem statement, and includes a placeholder for the figure."
4.17,"To convert the given physics text into properly formatted LaTeX, we will structure it using equations and text formatting for clarity. Here is the LaTeX code:

```latex
\documentclass{article}
\usepackage{amsmath}

\begin{document}

An ice skater spins at an angular velocity of \(4\pi \, \text{rad/s}\) with her arms extended.

\begin{enumerate}
    \item[(a)] If her moment of inertia with arms folded is 80\% of that with arms extended, what is her angular velocity when she folds her arms?
    
    \item[(b)] Find the fractional change in kinetic energy.
\end{enumerate}

\end{document}
```

This code sets up the problem statement in a clear and organized manner using LaTeX's `enumerate` environment for listing parts (a) and (b). The mathematical expressions are formatted using the `amsmath` package for better readability."
4.18,"To format the given physics problem in LaTeX, we can use the following code:

```latex
\documentclass{article}
\usepackage{amsmath}
\usepackage{amssymb}

\begin{document}

A sphere of radius $R$ and mass $M$ rolls down a horizontal plane. When it reaches the bottom of an incline of angle $\theta$, it has velocity $v_0$. Assuming that it rolls without slipping, how far up the incline would it travel?

\end{document}
```

This code sets up a basic LaTeX document with the necessary packages for mathematical symbols and formatting, and it includes the problem statement formatted with appropriate mathematical symbols and variables."
4.19,"To convert the given text into properly formatted LaTeX, we can structure it as follows:

```latex
\documentclass{article}
\usepackage{amsmath}
\usepackage{graphicx}

\begin{document}

A body of mass $m$ is attached to a light string wound around a pulley of mass $M$ and radius $R$ mounted on an axis supported by fixed frictionless bearings (see Fig. 4.3). Find the linear acceleration $a$ of $m$ and the tension $T$ in the string.

\begin{figure}[h]
    \centering
    \includegraphics[width=0.5\textwidth]{figure4_3.png} % Replace with actual figure file
    \caption{Diagram illustrating the setup described.}
    \label{fig:4.3}
\end{figure}

\end{document}
```

Note: Replace `figure4_3.png` with the actual file name of the figure if you have it. The figure environment is used to include and reference the image in the document."
4.20,"```latex
\documentclass{article}
\usepackage{amsmath}
\usepackage{graphicx}

\begin{document}

A light string is wound several times around a spool of mass $M$ and radius $R$. The free end of the string is attached to a fixed point and the spool is held so that the part of the string not in contact with it is vertical (see Fig.~\ref{fig:spool}). If the spool is let go, find the acceleration and the tension of the string.

\begin{figure}[h]
    \centering
    \includegraphics[width=0.4\textwidth]{spool_diagram.png} % Replace with actual file name
    \caption{Diagram of the spool and string setup.}
    \label{fig:spool}
\end{figure}

\end{document}
```"
4.21,"```latex
\documentclass{article}
\usepackage{amsmath}
\usepackage{graphicx}

\begin{document}

Two unequal masses $m_1$ and $m_2$ ($m_1 > m_2$) are suspended by a light string over a pulley of mass $M$ and radius $R$ as shown in Fig. 4.5. Assuming that slipping does not occur and the friction of the axle is negligible, determine the following:

\begin{enumerate}
    \item[(a)] The acceleration with which the masses move.
    \item[(b)] The angular acceleration of the pulley.
    \item[(c)] The ratio of tensions $T_1/T_2$ in the process of motion.
\end{enumerate}

\begin{figure}[h]
    \centering
    \includegraphics[width=0.5\textwidth]{figure4_5.png}
    \caption{Diagram of the system with masses $m_1$ and $m_2$ over a pulley of mass $M$ and radius $R$.}
    \label{fig:4_5}
\end{figure}

\end{document}
```

Note: Ensure that the image file `figure4_5.png` is available in the same directory as your LaTeX document to display the figure correctly."
4.22,"```latex
\documentclass{article}
\usepackage{amsmath}

\begin{document}

Two wheels with moments of inertia $I_1$ and $I_2$ are set in rotation with angular speeds $\omega_1$ and $\omega_2$, respectively. When they are coupled face to face, they rotate with a common angular speed $\omega$ due to frictional forces. Find:

\begin{enumerate}
    \item[(a)] The common angular speed $\omega$.
    \item[(b)] The work done by the frictional forces.
\end{enumerate}

\end{document}
```"
4.23,"```latex
\documentclass{article}
\usepackage{amsmath}
\usepackage{amssymb}

\begin{document}

Consider a uniform, thin rod of length $l$ and mass $M$. 

\begin{enumerate}
    \item[(a)] The rod is held vertically with one end on the floor and is then allowed to fall. Use energy conservation to find the speed of the other end just before it hits the floor, assuming the end on the floor does not slip.

    \item[(b)] You have an additional point mass $m$ that you have to attach to the rod. Where do you have to attach it, in order to make sure that the speed of the falling end is not altered if the experiment in (a) is repeated?
\end{enumerate}

\textit{[University of Durham 2005]}

\end{document}
```

This LaTeX code formats the problem statement into a clear and structured document, using mathematical symbols and proper LaTeX environments for clarity."
4.24,"To convert the given physics text into properly formatted LaTeX, we need to ensure that all symbols, variables, and expressions are correctly represented. Here is the LaTeX code for the problem statement:

```latex
\documentclass{article}
\usepackage{amsmath}

\begin{document}

A thin circular disc of mass $M$ and radius $R$ is rotated with a constant angular velocity $\omega$ in the horizontal plane. Two particles, each of mass $m$, are gently attached at the opposite ends of the diameter of the disc. What is the new angular velocity of the disc?

\end{document}
```

This LaTeX code includes the necessary formatting for the physics problem, using math mode for variables and ensuring clarity in the description."
4.25,"To format the given physics text into LaTeX, you can use the following code:

```latex
\documentclass{article}
\usepackage{amsmath}
\usepackage{amssymb}

\begin{document}

If the velocity is $\mathbf{v} = 2\hat{\imath} - 3\hat{\jmath} + \hat{k}$ and the position vector is $\mathbf{r} = \hat{\imath} + 2\hat{\jmath} - 3\hat{k}$, find the angular momentum for a particle of mass $m$.

\end{document}
```

This LaTeX code uses the `amsmath` and `amssymb` packages for better mathematical formatting and symbols. The vectors are represented in bold, and the unit vectors are denoted with hats."
4.26,"```latex
\documentclass{article}
\usepackage{amsmath}
\usepackage{amssymb}
\usepackage{siunitx}

\begin{document}

A ball of mass \( m = 0.2 \, \text{kg} \) and radius \( r = 0.5 \, \text{m} \) starts from rest and rolls down a \( 30^\circ \) inclined plane.

\begin{enumerate}
    \item[(a)] Find the time it would take to cover \( 7 \, \text{m} \).
    \item[(b)] Calculate the torque acting at the end of \( 7 \, \text{m} \).
\end{enumerate}

\end{document}
```"
4.27,"```latex
\documentclass{article}
\usepackage{amsmath}
\usepackage{amssymb}

\begin{document}

A string is wrapped around a cylinder of mass $m$ and radius $R$. The string is pulled vertically upwards to prevent the centre of mass from falling as the cylinder unwinds the string. Find:

\begin{enumerate}
    \item[(a)] the tension in the string.
    \item[(b)] the work done on the cylinder when it acquires angular velocity $\omega$.
    \item[(c)] the length of the string unwound in the time the angular speed reaches $\omega$.
\end{enumerate}

\end{document}
```"
4.28,"To properly format the given physics problem in LaTeX, you can use the following code:

```latex
\documentclass{article}
\usepackage{amsmath}
\usepackage{graphicx}

\begin{document}

\title{Physics Problem: Cylinder with Cords}
\author{Osmania University}
\date{}

\maketitle

\section*{Problem Statement}

Two cords are wrapped around the cylinder, one near each end, and the cord ends, which are vertical, are attached to hooks on the ceiling (see Fig. 4.6). The cylinder, which is held horizontally, has length $L$, radius $R$, and weight $W$. If the cylinder is released, find:

\begin{enumerate}
    \item The tension in the cords.
    \item The acceleration of the cylinder.
\end{enumerate}

\begin{figure}[h]
    \centering
    \includegraphics[width=0.5\textwidth]{figure4_6.png}
    \caption{Diagram of the cylinder with cords attached.}
    \label{fig:cylinder}
\end{figure}

\end{document}
```

Make sure to replace `figure4_6.png` with the actual image file name if you have it, or adjust the figure environment as needed. This code sets up a document with a title, author, and a section for the problem statement, including a placeholder for the figure."
4.29,"To convert the given physics text into properly formatted LaTeX, we can structure it as follows:

```latex
\documentclass{article}
\usepackage{amsmath}

\begin{document}

A body of radius \( R \) and mass \( M \) is initially rolling on a level surface with speed \( u \). It then rolls up an incline to a maximum height \( h \). If 

\[
h = \frac{3u^2}{4g},
\]

figure out the geometrical shape of the body.

\end{document}
```

This LaTeX code uses the `amsmath` package for better handling of mathematical expressions and ensures that all variables and equations are properly formatted."
4.30,"```latex
As a solid cylinder, a hollow cylinder, a solid sphere, and a hollow sphere of the same mass and radius are placed on an incline and are released simultaneously from the same height. In which order would these bodies reach the bottom of the incline? See Fig. 4.6.
```

To include a figure, you can use the following LaTeX code snippet, assuming you have an image file named `figure4_6.png`:

```latex
\documentclass{article}
\usepackage{graphicx}

\begin{document}

As a solid cylinder, a hollow cylinder, a solid sphere, and a hollow sphere of the same mass and radius are placed on an incline and are released simultaneously from the same height. In which order would these bodies reach the bottom of the incline? See Fig. 4.6.

\begin{figure}[h]
    \centering
    \includegraphics[width=0.5\textwidth]{figure4_6.png}
    \caption{Illustration of the solid cylinder, hollow cylinder, solid sphere, and hollow sphere on an incline.}
    \label{fig:4_6}
\end{figure}

\end{document}
```

Make sure to replace `figure4_6.png` with the actual path to your image file. This code will create a document with the text and include the figure labeled as Fig. 4.6."
4.31,"To format the given physics text into LaTeX, you can use the following code:

```latex
\documentclass{article}
\usepackage{amsmath}

\begin{document}

A tube of length $L$ is filled with an incompressible liquid of mass $M$ and closed at both ends. The tube is then rotated in a horizontal plane about one of its ends with a uniform angular velocity $\omega$. Show that the force exerted by the liquid at the other end is given by

\begin{equation}
    F = \frac{1}{2} M \omega^2 L.
\end{equation}

\end{document}
```

This LaTeX code will properly format the physics problem statement and the equation as requested."
4.32,"```latex
\documentclass{article}
\usepackage{amsmath}
\usepackage{graphicx}

\begin{document}

Consider a uniform bar of length $6a$ and mass $8m$ lying on a smooth horizontal table. Two point masses, $m$ and $2m$, are moving in the same horizontal plane with speeds $2v$ and $v$, respectively. They strike the bar and stick to it, as shown in Fig. 4.7. The bar is set in rotation. We need to show the following:

\begin{enumerate}
    \item The center of mass velocity $v_c = 0$
    \item The angular momentum $J = 6mva$
    \item The angular velocity $\omega = \frac{v}{5a}$
    \item The rotational energy $E = \frac{3mv^2}{5}$
\end{enumerate}

\begin{figure}[h]
    \centering
    \includegraphics[width=0.5\textwidth]{fig4_7.png}
    \caption{Illustration of the bar and point masses.}
    \label{fig:4_7}
\end{figure}

\end{document}
```"
4.33,"To convert the given physics text into properly formatted LaTeX, we need to ensure that all symbols, equations, and formatting are correctly represented. Here's the LaTeX code:

```latex
\documentclass{article}
\usepackage{amsmath}
\usepackage{graphicx}

\begin{document}

\noindent
A rod of negligible weight and of length $2d$ carries two point masses of $m$ each separated by distance $d$, as shown in Figure 4.8. If the rod is released from a horizontal position, show that the speed of the lower mass when the rod is in the vertical position will be 

\[
v = \sqrt{\frac{24gd}{5}}.
\]

\end{document}
```

This LaTeX code includes the necessary packages for mathematical formatting and ensures that the equation is properly displayed. The text is formatted to match the original description, with mathematical symbols and variables correctly typeset."
4.34,"To properly format the given physics text in LaTeX, you can use the following code:

```latex
\documentclass{article}
\usepackage{amsmath}

\begin{document}

If the radius of the Earth suddenly decreases to half its present value, with the mass remaining constant, what would be the duration of the day?

\begin{figure}[h]
    \centering
    % Insert your figure here, for example:
    % \includegraphics[width=0.5\textwidth]{figure_4_8.png}
    \caption{Figure 4.8: [Your figure description here]}
    \label{fig:4.8}
\end{figure}

\end{document}
```

Make sure to replace the comment in the `figure` environment with the actual figure or image you want to include, using the `\includegraphics` command from the `graphicx` package if necessary. The `\caption` command provides a description for the figure, and the `\label` command allows you to reference the figure within your document."
4.35,"To properly format the given physics text into LaTeX, we need to ensure that the equations and symbols are correctly typeset. Below is the LaTeX code for the provided text:

```latex
\documentclass{article}
\usepackage{amsmath}
\begin{document}

At a pole cracks and falls over. If $\theta$ is the angle made by the pole with the vertical, show that the radial acceleration of the top of the pole is given by:

\[
a_R = \frac{3}{2}g(1 - \cos\theta)
\]

and its tangential acceleration is:

\[
a_T = \frac{3}{2}g\sin\theta
\]

\end{document}
```

This LaTeX code will format the text with the equations displayed properly, using the `amsmath` package for better mathematical typesetting. The equations are centered and clearly separated from the text for readability."
4.36,"To convert the given physics text into properly formatted LaTeX, we need to ensure that the equations and variables are correctly typeset. Here's the LaTeX code for the provided text:

```latex
The angular momentum of a particle at a point varies with time as 
\(\mathbf{J} = a t^2 \hat{\mathbf{i}} + b \hat{\mathbf{j}}\), 
where \(a\) and \(b\) are constants. When the angle between the torque about the point and the angular momentum is \(45^\circ\), show that the magnitude of the torque and angular momentum will be \(2\sqrt{ab}\) and \(\sqrt{2b}\), respectively.
```

This LaTeX code uses the `\mathbf{}` command for vectors, `\hat{}` for unit vectors, and `\(^\circ\)` for the degree symbol. The square roots and other mathematical symbols are properly formatted using standard LaTeX math mode syntax."
4.37,"To properly format the given physics text into LaTeX, you can use the following code:

```latex
\documentclass{article}
\usepackage{amsmath}

\begin{document}

A uniform disc of radius $R$ is spun about the vertical axis and placed on a horizontal surface. If the initial angular speed is $\omega$ and the coefficient of friction is $\mu$, show that the time before which the disc comes to rest is given by

\[
t = \frac{3\omega R}{4\mu g}.
\]

\end{document}
```

This LaTeX code will format the text and the equation correctly, ensuring that mathematical symbols and variables are properly displayed."
4.38,"```latex
\documentclass{article}
\usepackage{amsmath}
\usepackage{graphicx}

\begin{document}

As a small homogeneous solid sphere of mass $m$ and radius $r$ rolls without slipping along the loop-the-loop track, as shown in Fig. 4.9. If the radius of the circular part of the track is $R$ and the sphere starts from rest at a height $h = 6R$ above the bottom, find the horizontal component of the force acting on the track at point $Q$ at a height $R$ from the bottom. See Fig. 4.9.

\begin{figure}[h]
    \centering
    \includegraphics[width=0.5\textwidth]{loop_the_loop.png} % Replace with the actual path to the image
    \caption{Loop-the-loop track with a sphere rolling without slipping.}
    \label{fig:loop_the_loop}
\end{figure}

\end{document}
```

Make sure to replace `""loop_the_loop.png""` with the actual path to your image file for Fig. 4.9. This code will format the physics problem statement and include a placeholder for the figure."
4.39,"```latex
\documentclass{article}
\usepackage{amsmath}
\usepackage{graphicx}

\begin{document}

A particle is projected horizontally along the interior of a smooth hemispherical bowl of radius $r$. If the initial angular position of the particle is $\theta_0$, find the initial velocity required by the particle just to reach the top of the bowl (see Fig. 4.10).

\begin{figure}[h]
    \centering
    \includegraphics[width=0.5\textwidth]{figure4_10.png} % Replace with the actual path to the figure
    \caption{Illustration of the particle's motion in the hemispherical bowl.}
    \label{fig:4_10}
\end{figure}

\end{document}
```"
4.40,"```latex
\documentclass{article}
\usepackage{amsmath}
\usepackage{graphicx}

\begin{document}

A spool of mass $m$, with a thread wound on it, is placed on an incline of $30^\circ$ to the horizontal. The free end of the thread is attached to a nail, as shown in Fig. 4.11. Find the acceleration of the spool.

\begin{figure}[h]
    \centering
    \includegraphics[width=0.5\textwidth]{spool_on_incline.png} % Replace with the actual path to the image
    \caption{Spool on an incline}
    \label{fig:spool_incline}
\end{figure}

\end{document}
```

Note: Replace `spool_on_incline.png` with the actual path to the image file for Fig. 4.11."
4.41,"To convert the given physics text into properly formatted LaTeX, you can use the following code:

```latex
\documentclass{article}
\usepackage{amsmath}

\begin{document}

A flywheel with initial angular velocity $\omega_0$ undergoes deceleration due to frictional forces, with the torque on the axle being proportional to the square root of its angular velocity. Calculate the mean angular velocity of the wheel averaged over the total deceleration time.

\end{document}
```

This LaTeX code sets up a basic document with the necessary packages for mathematical formatting. The text is formatted to include the initial angular velocity symbol, \(\omega_0\), using LaTeX math mode."
4.42,"To convert the given text into properly formatted LaTeX, we need to structure the problem statement clearly, using appropriate mathematical symbols and formatting. Here's how you can write it:

```latex
\documentclass{article}
\usepackage{amsmath}

\begin{document}

A conical pendulum consisting of a thin uniform rod of length \( L \) and mass \( m \) with the upper end of the rod freely hanging rotates about a vertical axis with angular velocity \( \omega \). Find the angle \( \theta \) which the rod makes with the vertical.

\end{document}
```

This LaTeX code will format the problem statement clearly, using mathematical symbols for the length \( L \), mass \( m \), angular velocity \( \omega \), and angle \( \theta \)."
4.43,"```latex
\documentclass{article}
\usepackage{amsmath}

\begin{document}

A billiard ball is initially struck such that it slides across the snooker table with a linear velocity $V_0$. The coefficient of friction between the ball and the table is $\mu$. At the instant the ball begins to roll without sliding, calculate:

\begin{enumerate}
    \item its linear velocity,
    \item the time elapsed after being struck,
    \item the distance travelled by the ball.
\end{enumerate}

State clearly what assumptions you have made about the forces acting on the ball throughout.

\end{document}
```

This LaTeX code formats the given physics problem statement into a structured document with clear enumeration for each part of the problem. The use of math mode for variables like $V_0$ and $\mu$ ensures proper typesetting of the physics symbols."
4.44,"```latex
\documentclass{article}
\usepackage{amsmath}
\usepackage{amssymb}

\begin{document}

Consider a point mass $m$ with momentum $\mathbf{p}$ rotating at a distance $r$ about an axis. Starting from the definition of the angular momentum $\mathbf{L} \equiv \mathbf{r} \times \mathbf{p}$ of this point mass, show that $\frac{d\mathbf{L}}{dt} = \boldsymbol{\tau}$, where $\boldsymbol{\tau}$ is the torque.

A uniform rod of length $l$ and mass $M$ rests on a frictionless horizontal surface. The rod pivots about a fixed frictionless axis at one end. The rod is initially at rest. A bullet of mass $m$ travelling parallel to the horizontal surface and perpendicular to the rod with speed $v$ strikes the rod at its centre and becomes embedded in it. Using the result above, show that the angular momentum of the rod after the collision is given by 

\[
|\mathbf{L}| = \frac{1}{2} l v
\]

Is $\mathbf{L} = \left(\frac{l}{2}\right) m v$ also correct? What is the final angular speed of the rod? Assuming $M = 5m$, what is the ratio of the kinetic energy of the system after the collision to the kinetic energy of the bullet before the collision?

\end{document}
```

This LaTeX code formats the given physics problem statement into a structured document, using appropriate mathematical symbols and expressions."
4.45,"To properly format the given physics problem in LaTeX, we can structure it as follows:

```latex
\documentclass{article}
\usepackage{amsmath}
\usepackage{amssymb}

\begin{document}

A uniform sphere of radius $r$, initially at rest, rolls without slipping down from the top of a sphere of radius $R$. Find the angular velocity of the ball at the instant it breaks off the sphere and show that the angle $\theta = \cos^{-1}\left(\frac{10}{17}\right)$ with the vertical.

\end{document}
```

This LaTeX code includes the necessary packages for mathematical typesetting and formats the problem statement clearly. The use of `\cos^{-1}` ensures the inverse cosine is properly displayed, and the fraction is neatly formatted with `\frac{10}{17}`."
4.46,"To format the given physics text into LaTeX, we need to ensure that all mathematical symbols and expressions are properly formatted. Here is the LaTeX code for the given problem:

```latex
\documentclass{article}
\usepackage{amsmath}

\begin{document}

A uniform rod of mass $m$ and length $2a$ is placed vertically with one end in contact with a smooth horizontal floor. When it is given a small displacement, it falls. Show that when the rod is about to strike, the reaction is equal to $\frac{mg}{4}$. 

\begin{flushright}
[courtesy from R.W. Norris and W. Seymour, \textit{Mechanics via Calculus}, Longmans \& Co.]
\end{flushright}

\end{document}
```

This LaTeX code includes the necessary formatting for the physics problem, ensuring that mathematical symbols are correctly displayed and that the citation is properly formatted."
4.47,"```latex
\documentclass{article}
\usepackage{amsmath}
\usepackage{graphicx}

\begin{document}

The double pulley shown in Fig. 4.12 consists of two wheels which are fixed together and turn at the same rate on a frictionless axle. A rope connected to mass \( m_1 \) is wound around the circumference of the larger wheel, and a second rope connected to mass \( m_2 \) is wound around the circumference of the smaller wheel. Both ropes are of negligible mass. The moment of inertia, \( I \), of the double pulley is \( 38 \, \text{kg} \cdot \text{m}^2 \). The radii of the wheels are \( R_1 = 1.2 \, \text{m} \) and \( R_2 = 0.5 \, \text{m} \).

\begin{enumerate}
    \item[(a)] If \( m_1 = 25 \, \text{kg} \), what should the value of \( m_2 \) be so that there is no angular acceleration of the double pulley?
    \item[(b)] The mass \( m_1 \) is now increased to \( 35 \, \text{kg} \) and the system is released from rest.
    \begin{enumerate}
        \item[(i)] For each mass, write down the relationship between its linear acceleration and the angular acceleration of the pulley. Which mass has the greater linear acceleration?
        \item[(ii)] Determine the angular acceleration of the double pulley and the tensions in both ropes.
    \end{enumerate}
\end{enumerate}

\begin{center}
    [University of Manchester 2008] Fig. 4.12
\end{center}

\end{document}
```

This LaTeX code formats the given physics problem text, including mathematical symbols and equations, into a structured document. Adjust the figure reference as needed to include the actual figure in your document."
4.48,"To format the given physics text into LaTeX, we need to properly structure the statement and equations. Here is the LaTeX code:

```latex
\documentclass{article}
\usepackage{amsmath}

\begin{document}

Two particles, each of mass $m$ and speed $v$, travel in opposite directions along parallel lines separated by a distance $d$. Show that the vector angular momentum of this system of particles is independent of origin.

\end{document}
```

This code sets up a basic LaTeX document with the `article` class and includes the `amsmath` package for mathematical formatting. The physics problem is then stated in a clear and structured manner."
4.49,"```latex
\documentclass{article}
\usepackage{amsmath}

\begin{document}

As a small sphere of mass \( m \) and radius \( r \) rolls without slipping on the inside of a large hemisphere of radius \( R \), with the axis of symmetry being vertical, it starts from rest. When it arrives at the bottom, show that:

\begin{enumerate}
    \item The fraction of rotational kinetic energy to total kinetic energy is given by:
    \[
    \frac{K_{\text{rot}}}{K_{\text{total}}} = \frac{2}{7}
    \]

    \item The normal force exerted by the small sphere is given by:
    \[
    N = \frac{17mg}{7}
    \]
\end{enumerate}

\end{document}
```"
4.50,"To convert the given physics text into properly formatted LaTeX, we need to ensure that the text is clear and correctly structured. Here is the LaTeX code:

```latex
\documentclass{article}
\usepackage{amsmath}

\begin{document}

A solid sphere, a hollow sphere, a solid disc, and a hoop with the same mass and radius are spinning freely about a diameter with the same angular speed on a table. For which object will maximum work have to be done to stop it?

\end{document}
```

This code sets up a basic LaTeX document with the problem statement clearly formatted. The `amsmath` package is included for any potential mathematical expressions, although none are present in this specific text."
4.51,"To convert the given text into properly formatted LaTeX, you can use the following code:

```latex
\documentclass{article}
\usepackage{amsmath}

\begin{document}

In problem (4.50), the four objects have the same angular momentum. For which object will maximum work have to be done to stop it?

\end{document}
```

This LaTeX document sets up a basic article class and uses the `amsmath` package, which is commonly used for formatting mathematical content. The text is placed within the `\begin{document}` and `\end{document}` commands, ensuring it is properly formatted within the document structure."
4.52,"To convert the given text into properly formatted LaTeX, we need to ensure that the text is clear and the mathematical elements are correctly represented. Here's the LaTeX code for the provided text:

```latex
\documentclass{article}
\usepackage{amsmath}

\begin{document}

In problem (4.50), the four objects have the same angular speed and the same angular momentum. Compare the work to be done to stop them.

\end{document}
```

This code sets up a basic LaTeX document with the `article` class and includes the `amsmath` package, which is useful for more complex mathematical formatting if needed. The text is then included in the `document` environment. Adjustments were made to ensure clarity and correct spacing in the text."
4.53,"To format the given physics text into properly structured LaTeX, we can use the following code:

```latex
\documentclass{article}
\usepackage{amsmath}

\begin{document}

As a solid sphere, a hollow sphere, a solid cylinder, and a hollow cylinder roll down an incline, we are tasked with determining for which object the torque will be least.

\end{document}
```

This LaTeX code sets up a basic document structure and formats the given text in a clear and readable manner."
4.54,"To format the given physics text into LaTeX, you can use the following code:

```latex
\documentclass{article}
\usepackage{amsmath}
\usepackage{amssymb}
\usepackage{physics}

\begin{document}

A particle moves with the position vector given by 
\[
\vec{r} = 3t \, \hat{\imath} + 2 \, \hat{\jmath}.
\]
Show that the angular momentum about the origin is constant.

\end{document}
```

This LaTeX code sets up a basic document with the necessary packages for handling vectors and physics notation. The position vector is formatted using the `\vec{}` command for vectors and unit vectors are denoted by `\hat{\imath}` and `\hat{\jmath}`. The problem statement is clearly presented, ready for further analysis or proof."
4.55,"To convert the given physics text into properly formatted LaTeX, you can use the following code:

```latex
\documentclass{article}
\usepackage{amsmath}
\usepackage{graphicx}

\begin{document}

A metre stick of length $l$ and mass $M$ is placed on a frictionless horizontal table. A hockey ball of mass $m$ sliding along the table perpendicular to the stick with speed $v$ strikes the stick elastically at distance $d$ from the centre of the metre stick. Find $d$ if the ball is to be brought to rest immediately after the collision (see Fig. 4.13).

\begin{figure}[h]
    \centering
    \includegraphics[width=0.5\textwidth]{figure4_13.png}
    \caption{Illustration of the collision scenario.}
    \label{fig:collision}
\end{figure}

\end{document}
```

Make sure to replace `figure4_13.png` with the actual file name of the image you are using for Fig. 4.13. This LaTeX code sets up the problem statement and includes a placeholder for the figure."
4.56,"```latex
\documentclass{article}
\usepackage{amsmath}

\begin{document}

A uniform solid cylinder of mass $m$ and radius $R$ is set in rotation about its axis and lowered with the lateral surface onto the horizontal plane with initial center of mass velocity $v_0$. If the coefficient of friction between the cylinder and the plane is $\mu$, find:

\begin{enumerate}
    \item[(a)] How long the cylinder will move with sliding friction.
    \item[(b)] The total work done by the sliding friction force on the cylinder.
\end{enumerate}

\end{document}
```"
4.57,"To convert the given text into properly formatted LaTeX, we need to ensure that the text is clear and the physics notation is correct. Here's the LaTeX code for the problem statement:

```latex
\documentclass{article}
\usepackage{amsmath}

\begin{document}

Two identical cylinders, each of mass $m$, on which light threads are wound symmetrically, are arranged as in Fig. 4.14. Find the tension of each thread in the process of motion. Neglect the friction in the axle of the upper cylinder. (Refer to Fig. 4.14)

\end{document}
```

This LaTeX code sets up a basic document with the problem statement formatted correctly. The mass of the cylinders is denoted by \( m \), and the reference to the figure is included as a placeholder."
4.58,"To convert the given physics text into properly formatted LaTeX, we need to clearly define the problem statement and use appropriate symbols and equations. Here is the LaTeX code:

```latex
\documentclass{article}
\usepackage{amsmath}
\usepackage{amssymb}

\begin{document}

A uniform circular disc of radius $r$ and mass $m$ is spinning with uniform angular velocity $\omega$ in its own plane about its centre. Suddenly, a point on its circumference is fixed. Find the new angular speed $\omega'$ and the impulse of the blow at the fixed point.

\end{document}
```

This code sets up a basic LaTeX document with the necessary packages for mathematical symbols and equations. The problem statement is clearly formatted with inline math mode for the symbols $r$, $m$, $\omega$, and $\omega'$."
4.59,"To convert the given physics text into properly formatted LaTeX, we need to represent the problem statement using LaTeX syntax. Here's how you can format it:

```latex
\documentclass{article}
\usepackage{amsmath}

\begin{document}

A uniform thin rod of mass $m$ and length $L$ is rotating on a smooth horizontal surface with one end fixed. Initially, it has an angular velocity $\Omega_1$ and the motion slows down only because of air resistance, which is $k \, dx$ times the square of the velocity on each element of the rod of length $dx$. Find the angular velocity $\omega$ after time $t$.

\end{document}
```

This LaTeX code snippet uses the `article` document class and the `amsmath` package for mathematical formatting. The physics problem is described using inline math mode for variables and symbols."
4.60,"To format the given physics text in LaTeX, we can structure it as follows:

```latex
\documentclass{article}
\usepackage{amsmath}

\begin{document}

A sphere of radius \( a \) oscillates at the bottom of a hollow cylinder of radius \( b \) in a plane at right angles to the axis which is horizontal. If the cylinder is fixed and the sphere does not slide, find \( T \), the time period of oscillations in terms of \( a \), \( b \), and \( g \), the acceleration due to gravity.

\end{document}
```

This LaTeX code will correctly format the physics problem statement, using mathematical symbols and ensuring clarity in the presentation of the variables involved."
4.61,"```latex
\documentclass{article}
\usepackage{amsmath}
\usepackage{graphicx}

\begin{document}

\section*{Physics Problem}

\begin{enumerate}
    \item[(a)] Show that the moment of inertia of a disc of radius $R$ and mass $M$ about an axis through the centre perpendicular to its plane is 
    \[
    I = \frac{1}{2} MR^2
    \]

    \item[(b)] A disc rolls without slipping along a horizontal surface with velocity $u$. The disc then encounters a smooth drop of height $h$, after which it continues to move with velocity $v$. At all times the disc remains in a vertical plane (see Fig. 4.15). Show that
    \[
    v = \sqrt{\frac{u^2 + 4gh}{3}}
    \]
    [University of Manchester 2008]
\end{enumerate}

\begin{figure}[h]
    \centering
    \includegraphics[width=0.5\textwidth]{figure4_15.png} % Replace with actual image file
    \caption{Illustration of the disc rolling and encountering a drop.}
    \label{fig:4_15}
\end{figure}

\end{document}
```

This LaTeX code formats the given physics problem text, including equations and a placeholder for a figure. Make sure to replace `figure4_15.png` with the actual image file name if you have one."
4.62,"To convert the given text into properly formatted LaTeX, we will structure the problem statement and the expression you need to obtain. Here's how you can format it:

```latex
\documentclass{article}
\usepackage{amsmath}

\begin{document}

A circular ring of mass $M$ and radius $r$ lies on a smooth horizontal surface. An insect of mass $m$ sits on it and crawls around the ring with a uniform speed $v$ relative to the ring. Obtain an expression for the angular velocity of the ring.

\begin{flushright}
\textit{[With courtesy from R.W. Norris and W. Seymour, Longmans, Green and Co., 1923]}
\end{flushright}

\end{document}
```

This LaTeX code sets up the problem statement with proper mathematical symbols and formatting. The text is organized for clarity and includes the citation as requested."
4.63,"```latex
\documentclass{article}
\usepackage{amsmath}
\usepackage{amssymb}
\usepackage{physics}

\begin{document}

\section*{Problem}

\begin{enumerate}
    \item[(a)] Given that the Earth rotates once every 23 hours and 56 minutes around the axis from the North to South Pole, calculate the angular velocity, \(\omega\), of the Earth. When viewed from above the North Pole, the Earth rotates counterclockwise (west to east). Which way does \(\omega\) point?
    
    \item[(b)] Foucaults pendulum is a simple pendulum suspended by a long string from a high ceiling. The effect of the Coriolis force on the motion of the pendulum is to produce a precession or rotation of the plane of oscillation with time. Find the time for one rotation for the plane of oscillation of the Foucault pendulum at \(30^\circ\) latitude.
\end{enumerate}

\end{document}
```"
4.64,"To convert the given physics text into properly formatted LaTeX, we need to set up the scenario and equations that might be involved in solving the problem. Here's how you can format the problem statement in LaTeX:

```latex
\documentclass{article}
\usepackage{amsmath}

\begin{document}

\section*{Problem Statement}

An object is dropped at the equator from a height of 400 m. Determine how far it hits the Earth's surface from a point vertically below.

\end{document}
```

This LaTeX code sets up a simple document with a section for the problem statement. You can expand this with equations and further details as needed for a full solution."
4.65,"To format the given physics problem in LaTeX, you can use the following code:

```latex
\documentclass{article}
\usepackage{amsmath}

\begin{document}

\section*{Physics Problem}

An object at the equator is projected upwards with a speed of \(20 \, \text{m/s}\). How far from its initial position will it land?

\end{document}
```

This code sets up a simple LaTeX document with a section for the physics problem. The speed is formatted using math mode to ensure proper typesetting. If you need to include equations or further details, you can expand this template accordingly."
4.66,"To format the given physics problem in LaTeX, we need to ensure that it is presented clearly and concisely. Below is a possible LaTeX representation of the problem statement:

```latex
\documentclass{article}
\usepackage{amsmath}

\begin{document}

\section*{Physics Problem}

With what speed must an object be thrown vertically upwards from the surface of the Earth on the equator so that it returns to the Earth 1 meter away from its original position?

\end{document}
```

This LaTeX code sets up a simple document with a section for the physics problem. The problem is stated in a straightforward manner, suitable for inclusion in a physics problem set or exam."
4.67,"To format the given physics text into properly formatted LaTeX, you can use the following code:

```latex
\documentclass{article}
\usepackage{amsmath}

\begin{document}

An object is dropped from a height $h$ at latitude $\lambda$ in the northern hemisphere. Show that it strikes the ground a distance 
\[ 
d = \frac{1}{3} \omega \cos \lambda \sqrt{\frac{8h^3}{g}} 
\]
to the west, where $\omega$ is the earths angular velocity.

\end{document}
```

This LaTeX code will correctly format the physics problem statement with the equation centered and using appropriate mathematical symbols and notation."
4.68,"To properly format the given physics text into LaTeX, we can use the following code:

```latex
\documentclass{article}
\usepackage{amsmath}

\begin{document}

An iceberg of mass \(5 \times 10^5\) tons near the North Pole moves west at the rate of 8 km/day. Neglecting the curvature of the Earth, find the magnitude and direction of the Coriolis force.

\end{document}
```

This LaTeX code sets up a basic document, includes the `amsmath` package for enhanced mathematical formatting, and formats the mass of the iceberg using scientific notation. The text is properly structured for a physics problem statement."
4.69,"To properly format the given physics text into LaTeX, we need to ensure that all variables, mathematical symbols, and Greek letters are correctly represented. Here's the LaTeX code for the problem statement:

```latex
A tidal current is running due north in the northern latitude $\lambda$ with velocity $v$ in a channel of width $b$. Prove that the level of water on the east coast is raised above that on the western coast by 

\[
\frac{2bv\omega \sin \lambda}{g}
\]

where $\omega$ is the earths angular velocity.
```

This code uses the appropriate LaTeX commands for Greek letters, mathematical symbols, and fractions, ensuring the text is correctly formatted for a physics context."
4.70,"To format the given physics text into LaTeX, you can use the following code:

```latex
\documentclass{article}
\usepackage{amsmath}

\begin{document}

If an object is dropped on the earths surface, prove that its path is a semi-cubical parabola, \( y^2 = z^3 \).

\end{document}
```

This code sets up a basic LaTeX document and uses the `amsmath` package for enhanced mathematical formatting. The equation \( y^2 = z^3 \) is properly formatted using inline math mode."
4.71,"To format the given physics problem in LaTeX, we need to ensure that all the elements are properly structured and any mathematical symbols or units are correctly displayed. Here's how you can format the problem:

```latex
\documentclass{article}
\usepackage{amsmath}
\usepackage{siunitx}

\begin{document}

A train of mass \SI{1000}{\tonne} moves in the latitude \ang{60} north. Find the magnitude and direction of the lateral force that the train exerts on the rails if it moves with a velocity of \SI{15}{\meter\per\second}.

\end{document}
```

### Explanation:
- The document class `article` is used for simplicity.
- The `amsmath` package is included for enhanced mathematical formatting capabilities.
- The `siunitx` package is used to handle units and angles properly.
- The mass of the train is formatted using `\SI{1000}{\tonne}` to denote 1000 tonnes.
- The latitude is represented using `\ang{60}` for 60 degrees north.
- The velocity is formatted as `\SI{15}{\meter\per\second}` to denote 15 meters per second."
4.72,"To properly format the given physics text into LaTeX, we need to ensure that all variables and mathematical expressions are correctly represented. Here's how you can write it:

```latex
\documentclass{article}
\usepackage{amsmath}

\begin{document}

Consider a train of mass $m$ traveling with a uniform velocity $v$ along a parallel latitude. We are tasked with showing that the difference between the lateral force on the rails when the train travels towards the east and when it travels towards the west is given by:

\[
4mv\omega \cos \lambda
\]

where $\lambda$ is the latitude and $\omega$ is the angular velocity of the Earth.

\end{document}
```

This LaTeX code snippet sets up a document that includes the necessary mathematical expressions and variables, ensuring they are properly formatted for a physics context."
4.73,"Certainly! Below is the properly formatted LaTeX code for the given physics problem:

```latex
\documentclass{article}
\usepackage{amsmath}

\begin{document}

A body is thrown vertically upwards with a velocity of \(100 \, \text{m/s}\) at a \(60^\circ\) latitude. Calculate the displacement from the vertical in \(10 \, \text{s}\).

\end{document}
```

This LaTeX code includes the necessary formatting for the physics problem statement, with proper use of mathematical notation and units."
